table_index,column_index,column_name
-1,0,*
0,1,dtstatdate
0,2,vgameappid
0,3,iareaid
0,4,iuserid
0,5,vroleid
0,6,iversion
0,7,cbitmap
0,8,iregdate
0,9,swxid_type
0,10,suserid
0,11,sqq
0,12,swxid
0,13,itemp1
0,14,itemp2
0,15,itemp3
0,16,itemp4
0,17,vtemp1
0,18,vtemp2
0,19,vtemp3
0,20,vtemp4
0,21,vtemp5
1,22,dtstatdate
1,23,vgamesvrid
1,24,vgameappid
1,25,iareaid
1,26,iuserid
1,27,vroleid
1,28,iversion
1,29,cbitmap
1,30,itemp1
1,31,itemp2
1,32,vtemp1
1,33,vtemp2
2,34,dtstatdate
2,35,idate
2,36,seasonid
2,37,seasonidname
2,38,itemp1
2,39,itemp2
2,40,vtemp1
2,41,vtemp2
3,42,vplayerid
4,43,modename
4,44,imode
4,45,startdate
4,46,enddate
4,47,itemp1
4,48,itemp2
4,49,vtemp1
4,50,vtemp2
5,51,dtstatdate
5,52,matchsubmodegroup
5,53,vplayerid
5,54,cbitmap
5,55,dregdate
5,56,itemp1
5,57,itemp2
5,58,vtemp1
5,59,vtemp2
6,60,ds
7,61,vplayerid
7,62,suserid
8,63,matchsubmodegroup
8,64,matchsubmodegroupname
8,65,onlinedate
8,66,itemp1
8,67,itemp2
8,68,vtemp1
8,69,vtemp2
9,70,matchsubmodegroup
9,71,matchsubmodegroupname
9,72,onlinedate
9,73,itemp1
9,74,itemp2
9,75,vtemp1
9,76,vtemp2
10,77,dtstatdate
10,78,saccounttype
10,79,suserid
10,80,suseridtype
10,81,sgamecode
10,82,splattype
10,83,splat
10,84,iregdate
10,85,ilastactdate
10,86,sdayacti
10,87,sweekacti
10,88,smonthacti
10,89,sgroup
10,90,ilevel
10,91,iviplevel
10,92,itimes
10,93,ionlinetime
11,94,dtstatdate
11,95,swxid
11,96,iqq
12,97,dtstatdate
12,98,sappid
12,99,splayerid
12,100,iqq
13,101,dtstatdate
13,102,sappid
13,103,splayerid
13,104,swxid
14,105,kp_imp_date
14,106,id_type
14,107,userid
14,108,gender
14,109,city
14,110,province
14,111,city_level
15,112,dtstatdate
15,113,vgameappid
15,114,vplayerid
15,115,suserid
15,116,suserid_type
15,117,itag
15,118,is_reg
15,119,is_actv
15,120,is_neibu
15,121,is_lowfps
15,122,cbitmap
15,123,gender
15,124,province
15,125,city
15,126,city_level
15,127,iregdate
15,128,iregdate_agamek6
15,129,lastdate
15,130,lastdate_agamek6
15,131,lastdays
15,132,lastdays_agamek6
15,133,lastdays_fps
15,134,lastdays_vie1
15,135,lastdays_vie2
15,136,lastdays_vie3
15,137,lastdays_vie4
15,138,lastdays_vie5
15,139,lastdays_vie6
15,140,lastdays_vie7
15,141,lastdays_vie8
15,142,lastdays_vie9
15,143,lastdays_vie10
15,144,lastdays_vie11
15,145,lastdays_vie12
15,146,lastdays_vie13
15,147,lastdays_vie14
15,148,lastdays_vie15
15,149,vtemp1
15,150,vtemp2
15,151,vtemp3
15,152,itemp1
15,153,itemp2
15,154,itemp3
16,155,tdbank_imp_date
16,156,dteventtime
16,157,apeventid
16,158,apchildid
16,159,apchildindex
16,160,tag
16,161,amount
16,162,allianceforcefectedtargets
16,163,matchinfomatchid
16,164,playerinfosubject
16,165,roundinforoundnumber
16,166,playerinfoteamid
17,167,tdbank_imp_date
17,168,dteventtime
17,169,apeventid
17,170,matchinfobranch
17,171,matchinfochangelist
17,172,matchinfogameid
17,173,matchinfogamemode
17,174,matchinfomap
17,175,matchinfomatchid
17,176,matchinfoversion
17,177,roundinfoattackerscore
17,178,roundinfodefenderscore
17,179,roundinfomatchtime
17,180,roundinforoundnumber
17,181,roundinforoundphase
17,182,roundinforoundtime
17,183,playerinfocharacter
17,184,playerinfoname
17,185,playerinfosubject
17,186,playerinfoteamid
17,187,playerinfoside
17,188,playerinfoteamrole
17,189,pretransactionmoney
17,190,pretransactionmoneyreceiver
17,191,pretransactionmoneysender
17,192,itemcost
17,193,startinvpriweaponid
17,194,startinvpriweaponname
17,195,startinvpriweapontype
17,196,startinvpriweaponavaamt
17,197,startinvsecweaponid
17,198,startinvsecweaponname
17,199,startinvsecweapontype
17,200,startinvsecweaponavaamt
17,201,startinvmeleeid
17,202,startinvmeleename
17,203,startinvmeleetype
17,204,startinvmeleeavaamt
17,205,startinvarmorid
17,206,startinvarmorname
17,207,startinvarmortype
17,208,startinvarmoravaamt
17,209,startinvabilities
17,210,startinvbackpackitems
17,211,startinvpassives
17,212,startinvcurequippedid
17,213,startinvcurequippedname
17,214,startinvcurequippedtype
17,215,startinvcurequippedavaamt
17,216,endinvpriweaponid
17,217,endinvpriweaponname
17,218,endinvpriweapontype
17,219,endinvpriweaponavaamt
17,220,endinvsecweaponid
17,221,endinvsecweaponname
17,222,endinvsecweapontype
17,223,endinvsecweaponavaamt
17,224,endinvmeleeid
17,225,endinvmeleename
17,226,endinvmeleetype
17,227,endinvmeleeavaamt
17,228,endinvarmorid
17,229,endinvarmorname
17,230,endinvarmortype
17,231,endinvarmoravaamt
17,232,endinvabilities
17,233,endinvbackpackitems
17,234,endinvpassives
17,235,endinvcurequippedid
17,236,endinvcurequippedname
17,237,endinvcurequippedtype
17,238,endinvcurequippedavaamt
17,239,itemname
17,240,itemid
17,241,receiverid
17,242,senderid
17,243,transactiontype
17,244,aplogtotal
17,245,clientplatformdetailsplatformtype
17,246,clientplatformdetailsplatformmetadata
17,247,platformtype
17,248,apschemaversion
18,249,tdbank_imp_date
18,250,dteventtime
18,251,gplayerid
18,252,playerid
18,253,source
18,254,sourcename
18,255,acctype
18,256,platid
18,257,ext1
18,258,ext2
18,259,ext3
18,260,ext4
18,261,ext5
19,262,dtstatdate
19,263,idate
19,264,purchasesource
19,265,purchaseditemid
19,266,itemtype
19,267,itemamount
19,268,currencytype
19,269,currencyspent
19,270,itemp1
19,271,itemp2
19,272,itemp3
19,273,itemp4
19,274,vtemp1
19,275,vtemp2
19,276,vtemp3
19,277,vtemp4
19,278,vtemp5
20,279,tdbank_imp_date
20,280,dteventtime
20,281,apeventid
20,282,playername
20,283,rsosubject
20,284,buildversion
20,285,oshostname
20,286,platform
20,287,aplogtotal
20,288,instanceid
20,289,buildconfiguration
20,290,changelist
20,291,isrunningonssd
20,292,clientplatformdetailsplatformtype
20,293,simdsupport
20,294,isrunningonunknowndrivetype
20,295,apschemaversion
21,296,dtstatdate
21,297,vgameappid
21,298,iareaid
21,299,iuserid
21,300,vroleid
21,301,igoodstype
21,302,igoodsid
21,303,icount
21,304,icount1
21,305,vtemp1
21,306,vtemp2
21,307,vtemp3
21,308,itemp1
21,309,itemp2
21,310,itemp3
22,311,tdbank_imp_date
22,312,dteventtime
22,313,apeventid
22,314,matchid
22,315,mapid
22,316,provisioningflowid
22,317,gamepodid
22,318,gamelengthmillis
22,319,gamestartmillis
22,320,gameversion
22,321,iscompleted
22,322,customgamename
22,323,module
22,324,forcepostprocessing
22,325,queueid
22,326,seasonid
22,327,completionstate
22,328,ismatchsampled
22,329,players
22,330,teams
22,331,roundresults
22,332,platforminfoplatformtype
22,333,platforminfoplatformos
22,334,aplogtotal
22,335,platformtype
22,336,apschemaversion
23,337,tdbank_imp_date
23,338,dteventtime
23,339,apeventid
23,340,apchildid
23,341,apchildindex
23,342,expressionassetid
23,343,expressiontypeid
24,344,tdbank_imp_date
24,345,dteventtime
24,346,apeventid
24,347,subject
24,348,matchinfoversion
24,349,matchinfogamemode
24,350,matchinfomapid
24,351,matchinfomatchid
24,352,matchinfoqueueid
24,353,matchinfoisranked
24,354,matchinfoprvflowid
24,355,equippables
24,356,sprayslots
24,357,playercardid
24,358,playertitleid
24,359,characterid
24,360,scopeenvironment
24,361,scopedatacenter
24,362,scopedeployment
24,363,scopeproduct
24,364,scopecomponent
24,365,aplogtotal
24,366,clientplatformdetailsplatformtype
24,367,clientplatformdetailsplatformmetadata
24,368,apschemaversion
25,369,tdbank_imp_date
25,370,dteventtime
25,371,apeventid
25,372,apchildid
25,373,apchildindex
25,374,sprayslotid
25,375,sprayid
25,376,spraylevelid
25,377,subject
25,378,matchinfoversion
25,379,matchinfomatchid
25,380,matchinfogamemode
25,381,matchinfomapid
25,382,matchinfoqueueid
25,383,matchinfoisranked
25,384,matchinfoprvflowid
26,385,tdbank_imp_date
26,386,dteventtime
26,387,ieventid
26,388,vgamesvrid
26,389,vgameappid
26,390,iareaid
26,391,iuserid
26,392,vroleid
26,393,ilevel
26,394,iloginway
26,395,iversion
26,396,vrolename
26,397,inetbarlevel
26,398,iseasonid
26,399,iaccountexp
26,400,ibpid
26,401,ibplevel
26,402,ibpexp
26,403,iacid
26,404,iaclevel
26,405,iacexp
26,406,ivpoint
26,407,irpoint
26,408,icampuslevel
27,409,tdbank_imp_date
27,410,dteventtime
27,411,ieventid
27,412,vgamesvrid
27,413,vgameappid
27,414,iareaid
27,415,iuserid
27,416,vroleid
27,417,ilevel
27,418,ionlinetime
27,419,iplaytime
27,420,iloginway
27,421,iversion
27,422,vrolename
27,423,iaccountexp
27,424,inetbarlevel
27,425,iseasonid
27,426,ilogoutreason
27,427,ibanned
27,428,ibannedtime
27,429,ibpid
27,430,ibplevel
27,431,ibpexp
27,432,iacid
27,433,iaclevel
27,434,iacexp
27,435,ivpoint
27,436,irpoint
27,437,itotalonlinetime
27,438,vlogoutreason
27,439,icampuslevel
28,440,tdbank_imp_date
28,441,dteventtime
28,442,apeventid
28,443,apchildid
28,444,apchildindex
28,445,subject
28,446,name
28,447,teamid
28,448,partyid
28,449,characterid
28,450,competitivetier
28,451,statsscore
28,452,statsroundsplayed
28,453,statskills
28,454,statsdeaths
28,455,statsassists
28,456,statsplaytimemillis
28,457,newexpr
28,458,matchid
28,459,mapid
28,460,provisioningflowid
28,461,gamepodid
28,462,gamelengthmillis
28,463,gamestartmillis
28,464,gameversion
28,465,iscompleted
28,466,customgamename
28,467,module
28,468,forcepostprocessing
28,469,queueid
28,470,seasonid
28,471,completionstate
28,472,ismatchsampled
28,473,statsabilitycastsgrenadecasts
28,474,statsabilitycastsability1casts
28,475,statsabilitycastsability2casts
28,476,statsabilitycastsultimatecasts
28,477,clientplatformdetailsplatformtype
28,478,newexprv2missions
28,479,newexprv2settingstatusissensitivitydefault
28,480,newexprv2settingstatusiscrosshairdefault
29,481,tdbank_imp_date
29,482,dteventtime
29,483,ieventid
29,484,matchid
29,485,vroleid
29,486,wonmatch
29,487,mapid
29,488,seasonid
29,489,queueid
29,490,gamestartmillis
29,491,gamelengthmillis
29,492,teamid
29,493,partyid
29,494,ismatchmvp
29,495,isteammvp
29,496,totalscore
29,497,istopdamage
29,498,istopplant
29,499,istopdefuse
29,500,istopkill
29,501,istopassist
29,502,totalspent
29,503,economyscore
29,504,killscount
29,505,deathscount
29,506,assistscount
29,507,clutchcount
29,508,acecount
29,509,teamacecount
29,510,thriftycount
29,511,flawlesscount
29,512,triplekillcount
29,513,quadrakillcount
29,514,pentakillcount
29,515,sixkillcount
29,516,plantcount
29,517,defusecount
29,518,firstkillcount
29,519,completionstate
29,520,roundsplayed
29,521,roundswon
29,522,characterid
29,523,totaldamage
29,524,competitivetier
29,525,isplayercompleted
29,526,ismatchcompleted
29,527,totalheadshots
29,528,totalbodyshots
29,529,totallegshots
29,530,abilitydefaultcasts
29,531,ability1casts
29,532,ability2casts
29,533,ultimatecasts
29,534,provisioningflowid
30,535,tdbank_imp_date
30,536,gamesvrid
30,537,dteventtime
30,538,vgameappid
30,539,platid
30,540,izoneareaid
30,541,vplayerid
30,542,uid
30,543,actid
30,544,acttype
30,545,awardidx
30,546,awardcnt
30,547,value
30,548,reissueflag
30,549,cond1
30,550,cond2
30,551,cond3
30,552,device_type
31,553,tdbank_imp_date
31,554,dteventtime
31,555,gameappid
31,556,platid
31,557,playerid
31,558,uid
31,559,battleid
31,560,mode
31,561,submode
31,562,map
31,563,eventid
31,564,value1
31,565,value2
32,566,tdbank_imp_date
32,567,dteventtime
32,568,vgameappid
32,569,platid
32,570,izoneareaid
32,571,vplayerid
32,572,uid
32,573,buttontype
32,574,ireason
32,575,extarg1
32,576,extarg2
32,577,extarg3
32,578,devicetype
33,579,tdbank_imp_date
33,580,dteventtime
33,581,vgameappid
33,582,platid
33,583,izoneareaid
33,584,vplayerid
33,585,uid
33,586,actid
33,587,acttype
33,588,recodtype
33,589,arg1
33,590,arg2
33,591,arg3
33,592,strarg1
33,593,strarg2
33,594,strarg3
33,595,device_type
34,596,tdbank_imp_date
34,597,corpssvrid
34,598,dteventtime
34,599,vgameappid
34,600,izoneareaid
34,601,corpsid
34,602,memberuid
34,603,trainid
34,604,taskid
35,605,tdbank_imp_date
35,606,dteventtime
35,607,vgameappid
35,608,platid
35,609,izoneareaid
35,610,vplayerid
35,611,uid
35,612,addresresult
35,613,itemclass
35,614,itemid
35,615,itemnum
35,616,corpslevel
35,617,corpsid
35,618,consumeallmoney
35,619,buyitemlist
36,620,dtstatdate
36,621,dteventtime
36,622,vgameappid
36,623,platid
36,624,izoneareaid
36,625,vplayerid
36,626,uid
36,627,buttontype
36,628,param1
36,629,param2
36,630,param3
36,631,param4
36,632,param5
36,633,param6
36,634,unixtime
36,635,ugcmarea
37,636,tdbank_imp_date
37,637,dteventtime
37,638,vgameappid
37,639,platid
37,640,izoneareaid
37,641,vplayerid
37,642,uid
37,643,sequence
37,644,level
37,645,allianceforcetermoney
37,646,imoney
37,647,reason
37,648,subreason
37,649,addorreduce
37,650,imoneytype
37,651,device_type
38,652,tdbank_imp_date
38,653,dteventtime
38,654,vgameappid
38,655,platid
38,656,izoneareaid
38,657,vplayerid
38,658,uid
38,659,orderid
38,660,productid
38,661,goodsnum
38,662,money
38,663,op
38,664,opres
38,665,midasbillno
39,666,tdbank_imp_date
39,667,gamesvrid
39,668,dteventtime
39,669,vgameappid
39,670,platid
39,671,izoneareaid
39,672,vplayerid
39,673,uid
39,674,type
39,675,num
39,676,list
39,677,seg
40,678,tdbank_imp_date
40,679,dteventtime
40,680,vgameappid
40,681,platid
40,682,izoneareaid
40,683,vplayerid
40,684,uid
40,685,battleid
40,686,ugcmodeid
40,687,ugcmodename
40,688,roundtime
40,689,startime
40,690,endtime
40,691,playernumber
40,692,teammemberlist
40,693,friendcount
40,694,isvip
40,695,ugcisgray
40,696,kills
40,697,damageamount
40,698,move
40,699,reachedarchives
40,700,devicetype
41,701,tdbank_imp_date
41,702,dteventtime
41,703,vgameappid
41,704,platid
41,705,izoneareaid
41,706,vplayerid
41,707,uid
41,708,igoodsinstid
41,709,level
41,710,sequence
41,711,igoodstype
41,712,igoodsid
41,713,count
41,714,allianceforcetercount
41,715,reason
41,716,subreason
41,717,imoney
41,718,imoneytype
41,719,addorreduce
41,720,validhours
41,721,expiretime
41,722,subtype
41,723,device_type
42,724,tdbank_imp_date
42,725,dteventtime
42,726,vgameappid
42,727,platid
42,728,izoneareaid
42,729,vplayerid
42,730,uid
42,731,awardidx
42,732,advancedawardidx
42,733,costnum
42,734,round
42,735,moneyleft
42,736,level
42,737,levelround
42,738,superflag
42,739,activityid
42,740,activitytype
42,741,lotterytype
42,742,realcount
42,743,savedticket
42,744,exemptticket
42,745,luckyvalue
42,746,totalsavedmoney
42,747,luckysavedmoney
42,748,device_type
42,749,moneytype
42,750,freecouponid
42,751,exempttype
42,752,exemptcommmoney
42,753,awardsitems
42,754,usedcoupons
42,755,iswish
42,756,isanchor
42,757,ticketcost
42,758,uscorecost
43,759,tdbank_imp_date
43,760,dteventtime
43,761,vgameappid
43,762,platid
43,763,izoneareaid
43,764,vplayerid
43,765,uid
43,766,activitytype
43,767,discountnum
43,768,allianceforcetermoney
43,769,allianceforceterround
43,770,dailyround
43,771,lotteryround
43,772,suprisehit
43,773,costnum
43,774,awardsitems
43,775,device_type
43,776,couponinfo
43,777,reductionnum
44,778,tdbank_imp_date
44,779,dteventtime
44,780,vgameappid
44,781,platid
44,782,izoneareaid
44,783,vplayerid
44,784,uid
44,785,shopid_1
44,786,shopmoneytype_1
44,787,shopprice_1
44,788,shopcnt_1
44,789,shoptime_1
44,790,itemid_1
44,791,itemextra_1
44,792,shopid_2
44,793,shopmoneytype_2
44,794,shopprice_2
44,795,shopcnt_2
44,796,shoptime_2
44,797,itemid_2
44,798,itemextra_2
44,799,shopid_3
44,800,shopmoneytype_3
44,801,shopprice_3
44,802,shopcnt_3
44,803,shoptime_3
44,804,itemid_3
44,805,itemextra_3
44,806,shopid_4
44,807,shopmoneytype_4
44,808,shopprice_4
44,809,shopcnt_4
44,810,shoptime_4
44,811,itemid_4
44,812,itemextra_4
44,813,shopid_5
44,814,shopmoneytype_5
44,815,shopprice_5
44,816,shopcnt_5
44,817,shoptime_5
44,818,itemid_5
44,819,itemextra_5
44,820,total_ticket
44,821,total_diamond
44,822,total_gold
44,823,present_flag
44,824,billno
44,825,shopid_6
44,826,shopmoneytype_6
44,827,shopprice_6
44,828,shopcnt_6
44,829,shoptime_6
44,830,itemid_6
44,831,itemextra_6
44,832,shopid_7
44,833,shopmoneytype_7
44,834,shopprice_7
44,835,shopcnt_7
44,836,shoptime_7
44,837,itemid_7
44,838,itemextra_7
44,839,total_gun_coin
44,840,total_item_coin
44,841,total_trans_server_coin
44,842,full_sub_resid
44,843,full_sub_value
44,844,total_bw_coin
44,845,shopid_8
44,846,shopmoneytype_8
44,847,shopprice_8
44,848,shopcnt_8
44,849,shoptime_8
44,850,itemid_8
44,851,itemextra_8
44,852,shopid_9
44,853,shopmoneytype_9
44,854,shopprice_9
44,855,shopcnt_9
44,856,shoptime_9
44,857,itemid_9
44,858,itemextra_9
44,859,shopid_10
44,860,shopmoneytype_10
44,861,shopprice_10
44,862,shopcnt_10
44,863,shoptime_10
44,864,itemid_10
44,865,itemextra_10
44,866,shopid_11
44,867,shopmoneytype_11
44,868,shopprice_11
44,869,shopcnt_11
44,870,shoptime_11
44,871,itemid_11
44,872,itemextra_11
44,873,shopid_12
44,874,shopmoneytype_12
44,875,shopprice_12
44,876,shopcnt_12
44,877,shoptime_12
44,878,itemid_12
44,879,itemextra_12
44,880,source
44,881,device_type
45,882,tdbank_imp_date
45,883,gamesvrid
45,884,dteventtime
45,885,gameappid
45,886,playerid
45,887,platid
45,888,areaid
45,889,zoneid
45,890,clientversion
45,891,rolename
45,892,roleid
45,893,rolelevel
45,894,rolebattlepoint
45,895,userip
45,896,groupid
45,897,picurl
45,898,usersign
45,899,receiverplayerid
45,900,receiverroleid
45,901,receiverroletype
45,902,receiverrolelevel
45,903,chattype
45,904,chatroomid
45,905,msgtype
45,906,chatcontents
45,907,chatroomname
45,908,chatroomownerplayerid
45,909,chatroomsign
45,910,currentscene
45,911,battleid
45,912,submode
45,913,accompanytype
45,914,devicetype
46,915,tdbank_imp_date
46,916,iid
46,917,dttime
46,918,suser
46,919,sphoneid
46,920,imodule
46,921,ichannel
46,922,itype
46,923,sappid
46,924,iostype
46,925,iactid
46,926,ijumptype
46,927,sjumpurl
46,928,ipartition
46,929,recommend_id
46,930,changjing_id
46,931,goods_id
46,932,useridt_count
46,933,useridt_fee
46,934,currency_type
46,935,service_type
46,936,sroleid
46,937,act_style
46,938,flow_id
46,939,dteventtime
46,940,reserve0
46,941,reserve1
46,942,reserve2
46,943,reserve3
46,944,reserve4
46,945,reserve5
46,946,reserve6
46,947,reserve7
46,948,reserve8
46,949,reserve9
46,950,taskid
46,951,partflag
47,952,tdbank_imp_date
47,953,dteventtime
47,954,vgameappid
47,955,platid
47,956,izoneareaid
47,957,vplayerid
47,958,uid
47,959,billno
47,960,res
47,961,balance
47,962,amount
47,963,source
47,964,is_online
47,965,gen_balance
47,966,used_gen_amt
47,967,submode
47,968,devicetype
48,969,tdbank_imp_date
48,970,dteventtime
48,971,izoneareaid
48,972,uid
48,973,corpsid
48,974,active
48,975,allianceforceteractive
48,976,reason
48,977,vgameappid
49,978,tdbank_imp_date
49,979,dteventtime
49,980,vgameappid
49,981,platid
49,982,izoneareaid
49,983,vplayerid
49,984,uid
49,985,matchtime
49,986,matchresult
49,987,matchmode
49,988,isaotufill
49,989,gameid
49,990,submodes
49,991,isleader
49,992,teamnum
49,993,teammembers
49,994,matchteammembers
49,995,matchlabel
49,996,corpsid
49,997,teamid
49,998,teamwaittime
49,999,finalbucketidx
49,1000,playermoderating
49,1001,playerlevel
49,1002,regresss
49,1003,matchsubmodegroup
49,1004,matchrating
49,1005,bucketidx
49,1006,device_type
49,1007,strategys
49,1008,match_client_type
49,1009,pandoralost
49,1010,teamjoinsource
49,1011,regressvalue
49,1012,strategy_type
49,1013,playersign
49,1014,livetype
49,1015,liveid
49,1016,matchscene
49,1017,issilentmode
49,1018,ismatchlbs
49,1019,strategy_index
49,1020,xid
49,1021,isanchor
49,1022,isanchorgame
49,1023,tournamentid
49,1024,expandupsection
49,1025,expanddownsection
49,1026,expandupclass
49,1027,expanddownclass
49,1028,isfullbucket
49,1029,timingmatchtime
49,1030,tournamentstage
49,1031,tournamentclubid
49,1032,promotionmatchstatus
49,1033,ugcisgray
49,1034,promotiontaskid
49,1035,strategyabtest
49,1036,accompanytype
49,1037,minusteamnum
49,1038,mobiletabletmatchlabel
49,1039,ratingtype
49,1040,idcname
49,1041,strategyextendinfo
49,1042,playerabtest
49,1043,gameabtest
49,1044,matchtype
49,1045,matchisolatetype
49,1046,predictmatchtime
49,1047,expandspeed
49,1048,escapehardid
49,1049,gameplayernum
49,1050,gameaistrategy
49,1051,isfixmatchlabel
49,1052,realmatchsubmodes
49,1053,aitype
49,1054,decratingtype
49,1055,forcematchtype
49,1056,ispcaigame
49,1057,matchsubclienttype
49,1058,heroexcludetype
49,1059,natalhero
49,1060,iswarmescapegame
49,1061,cancrossdevicematch
49,1062,aiteamatetype
49,1063,isfirstteam
49,1064,firstteamwaittime
49,1065,firstteamrankbucket
49,1066,matchprocessinfo
49,1067,isabtwarmgame
49,1068,warmplayertype
49,1069,escapeplayertype
49,1070,secondarydecratingtype
49,1071,finalsecondarybucketidx
49,1072,playersecondarymoderating
49,1073,secondarymatchrating
49,1074,secondarybucketidx
49,1075,escapeasset
49,1076,escapewarmscore
49,1077,pvethemeid
49,1078,escapelesspeoplegamenum
49,1079,garybucketgroup
49,1080,matchsubclienttypebefore
49,1081,frustratiggerlevel
49,1082,frustramanualscore
49,1083,frustramodelscore
49,1084,frustragroup
49,1085,frustrathreshold
49,1086,recomtraceid
50,1087,tdbank_imp_date
50,1088,gamesvrid
50,1089,dteventtime
50,1090,vgameappid
50,1091,platid
50,1092,izoneareaid
50,1093,vplayerid
50,1094,uid
50,1095,gameid
50,1096,exitreason
50,1097,isallianceforceeescape
50,1098,escapebantype
50,1099,gamestate
50,1100,submodegroup
50,1101,lobbyexitreason
50,1102,mode
50,1103,submode
50,1104,roundtime
51,1105,tdbank_imp_date
51,1106,dteventtime
51,1107,vgameappid
51,1108,platid
51,1109,izoneareaid
51,1110,vplayerid
51,1111,uid
51,1112,level
51,1113,playerfriendsnum
51,1114,clientversion
51,1115,screenwidth
51,1116,screenhight
51,1117,density
51,1118,loginchannel
51,1119,vroleid
51,1120,vrolename
51,1121,deviceid
51,1122,device_type
51,1123,gender
51,1124,emulatorname
51,1125,warzoneid
51,1126,devicename
51,1127,historymaxsegment
51,1128,seasonmaxsegment
51,1129,firstlogincg
51,1130,lobbybgid
51,1131,signature
51,1132,devicelevel
51,1133,iswxrealname
51,1134,iswxlowlv
51,1135,iszombie
51,1136,topsegtimes
51,1137,clanid1
51,1138,clanid2
51,1139,clanid3
51,1140,fpslevel
51,1141,renderqualityapply
51,1142,devicetcqualitygrade
51,1143,relogin
51,1144,gameid
51,1145,startime
51,1146,rolesettingstr
51,1147,creditscore
51,1148,usenewpickup
51,1149,isqrlogin
51,1150,is_gamematrix
51,1151,clientsceneversion
51,1152,whitetype
51,1153,mobiletablettype
51,1154,behaviorlevel
51,1155,clientostype
51,1156,pclogintype
51,1157,escapecoincount
51,1158,vsteamlevel
51,1159,connectidx
51,1160,isinds
52,1161,tdbank_imp_date
52,1162,gamesvrid
52,1163,dteventtime
52,1164,vgameappid
52,1165,platid
52,1166,izoneareaid
52,1167,vplayerid
52,1168,uid
52,1169,onlinetime
52,1170,level
52,1171,playerfriendsnum
52,1172,clientversion
52,1173,loginchannel
52,1174,deviceid
52,1175,ticket
52,1176,itemcoin
52,1177,luckycoin
52,1178,ironcoin
52,1179,diamond
52,1180,corpsid
52,1181,corpsname
52,1182,clannum
52,1183,clanid1
52,1184,clanid2
52,1185,clanid3
52,1186,logoutreason
52,1187,gameid
52,1188,rolesettingstr
52,1189,historytotalcharm
52,1190,device_type
52,1191,clientostype
53,1192,tdbank_imp_date
53,1193,dteventtime
53,1194,vgameappid
53,1195,platid
53,1196,izoneareaid
53,1197,vplayerid
53,1198,uid
53,1199,tournamentid
53,1200,beforstage
53,1201,allianceforceterstage
53,1202,ruletype
53,1203,ispass
53,1204,teamrank
53,1205,battlecount
53,1206,clubid
54,1207,tdbank_imp_date
54,1208,dteventtime
54,1209,vgameappid
54,1210,platid
54,1211,izoneareaid
54,1212,vplayerid
54,1213,uid
54,1214,buttontypes
54,1215,ireasons
54,1216,extarg1s
54,1217,extarg2s
55,1218,tdbank_imp_date
55,1219,gamesvrid
55,1220,dteventtime
55,1221,vgameappid
55,1222,platid
55,1223,izoneareaid
55,1224,vplayerid
55,1225,uid
55,1226,packageid
55,1227,opendays
55,1228,moneytype
55,1229,moneycnt
55,1230,oldbegintime
55,1231,oldendtime
55,1232,newbegintime
55,1233,newendtime
55,1234,additems
55,1235,openway
56,1236,tdbank_imp_date
56,1237,dteventtime
56,1238,vgameappid
56,1239,platid
56,1240,izoneareaid
56,1241,vplayerid
56,1242,uid
56,1243,battleid
56,1244,battletype
56,1245,roundscore
56,1246,roundtime
56,1247,seasonid
56,1248,mode
56,1249,submode
56,1250,map
56,1251,startime
56,1252,endtime
56,1253,playernumber
56,1254,teamnumber
56,1255,teammemberlist
56,1256,escapecheckup
56,1257,currentroundrank
56,1258,killingcount
56,1259,assistcount
56,1260,survivaltime
56,1261,damageamount
56,1262,healtimes
56,1263,healamount
56,1264,movingdistance
56,1265,deadflow
56,1266,headshotcounts
56,1267,obtianedairdroptimes
56,1268,vehicledestoryedtimes
56,1269,killingflow
56,1270,creepingtime
56,1271,drivingtime
56,1272,walkingdistance
56,1273,staytimeinpoisonedarea
56,1274,damageindex
56,1275,collectindex
56,1276,survivalindex
56,1277,healindex
56,1278,assaultindex
56,1279,ratinglevel
56,1280,itemuseflow
56,1281,medicineuseflow
56,1282,gunhittimes
56,1283,gunshottimes
56,1284,teamrank
56,1285,curecount
56,1286,drivingdistance
56,1287,teamid
56,1288,landlocation
56,1289,flowratinglevel
56,1290,rolename
56,1291,matchtype
56,1292,dsendtime
56,1293,equipmentinfo
56,1294,ismvp
56,1295,pronetime
56,1296,followstate
56,1297,touchdownareaid
56,1298,getpropsnumfromteammates
56,1299,sendpropsnumtoteammates
56,1300,starttorescuetimes
56,1301,killeruid
56,1302,killerweaponid
56,1303,killerdistance
56,1304,lobbyteamid
56,1305,topxtipsresponse
56,1306,signalhealamount
56,1307,friendcount
56,1308,tournamentid
56,1309,tournamentstage
56,1310,clubname
56,1311,score
56,1312,isscorerule
56,1313,changedrating
56,1314,ratingallianceforceterchanged
56,1315,device_type
57,1316,tdbank_imp_date
57,1317,gamesvrid
57,1318,dteventtime
57,1319,vgameappid
57,1320,platid
57,1321,izoneareaid
57,1322,vplayerid
57,1323,uid
57,1324,battleid
57,1325,battletype
57,1326,roundscore
57,1327,roundtime
57,1328,result
57,1329,gold
57,1330,level
57,1331,seasonid
57,1332,mode
57,1333,submode
57,1334,map
57,1335,weather
57,1336,startime
57,1337,endtime
57,1338,playernumber
57,1339,realplayernumber
57,1340,teamnumber
57,1341,teammemberlist
57,1342,escapecheckup
57,1343,totalchangedpointvalue
57,1344,changedratingvalue
57,1345,ratingvalueallianceforceterchanged
57,1346,changedkillratingvalue
57,1347,killratingvalueallianceforceterchanged
57,1348,changedwinratingvalue
57,1349,winratingvalueallianceforceterchanged
57,1350,playergetexperience
57,1351,currentroundrank
57,1352,killingcount
57,1353,assistcount
57,1354,survivaltime
57,1355,damageamount
57,1356,healtimes
57,1357,healamount
57,1358,movingdistance
57,1359,dyingflow
57,1360,deadflow
57,1361,headshotcounts
57,1362,gunkillingtimes
57,1363,meleekilltimes
57,1364,rangeddamagedamount
57,1365,meleedamageamount
57,1366,obtianeditemflow
57,1367,obtianedairdroptimes
57,1368,vehicledestoryedtimes
57,1369,landingcoordinate
57,1370,killingflow
57,1371,creepingtime
57,1372,swimmingtime
57,1373,divingtime
57,1374,drivingtime
57,1375,ridingtime
57,1376,walkingdistance
57,1377,staytimeinpoisonedarea
57,1378,damageindex
57,1379,luckyindex
57,1380,collectindex
57,1381,survivalindex
57,1382,movingindex
57,1383,creepindex
57,1384,accuracyindex
57,1385,deliveryindex
57,1386,sneakattackindex
57,1387,healindex
57,1388,boxindex
57,1389,assaultindex
57,1390,totalpoint
57,1391,ratinglevel
57,1392,titleidlist
57,1393,itemuseflow
57,1394,medicineuseflow
57,1395,gunhittimes
57,1396,gunshottimes
57,1397,teamrank
57,1398,curecount
57,1399,drivingdistance
57,1400,totalscorerank
57,1401,rating
57,1402,killrating
57,1403,winrating
57,1404,ratingrank
57,1405,killingratingrank
57,1406,winratingrank
57,1407,totalround
57,1408,totalkill
57,1409,totalwin
57,1410,top10times
57,1411,totalheadshotrate
57,1412,averagesurvivaltimeperround
57,1413,healfriendtimes
57,1414,averagemovedistanceperround
57,1415,maxdamageinoneround
57,1416,maxkillinginoneround
57,1417,maxsurvivaltime
57,1418,maxmovingdistance
57,1419,contributionrankrating
57,1420,contributionkillrating
57,1421,contributionwinrating
57,1422,oldsegmentlevel
57,1423,newsegmentlevel
57,1424,teamid
57,1425,landlocation
57,1426,totaldeadtimes
57,1427,sumscore
57,1428,seasonsurvivalindex
57,1429,seasontop1index
57,1430,seasonratingindex
57,1431,seasonassaultindex
57,1432,seasonhealindex
57,1433,seasonmovingindex
57,1434,seasonsumscore
57,1435,seasonratinglevel
57,1436,modesurvivalindex
57,1437,modetop1index
57,1438,moderatingindex
57,1439,modeassaultindex
57,1440,modehealindex
57,1441,modemovingindex
57,1442,modesumscore
57,1443,moderatinglevel
57,1444,flowratinglevel
57,1445,rolename
57,1446,totaldamage
57,1447,totalheal
57,1448,matchtype
57,1449,duocontributionrankrating
57,1450,duocontributionkillrating
57,1451,duocontributionwinrating
57,1452,squadcontributionrankrating
57,1453,squadcontributionkillrating
57,1454,squadcontributionwinrating
57,1455,famousid
57,1456,dsendtime
57,1457,equipmentinfo
57,1458,segmentprotect
57,1459,ismvp
57,1460,pronetime
57,1461,followstate
57,1462,touchdownareaid
57,1463,getpropsnumfromteammates
57,1464,sendpropsnumtoteammates
57,1465,starttorescuetimes
57,1466,avatargamegender
57,1467,avatarhairid
57,1468,avatarheadid
57,1469,avatarfeaturenum
57,1470,avatarfeaturelist_1
57,1471,avatarfeaturelist_2
57,1472,avatarfeaturelist_3
57,1473,avatarfeaturelist_4
57,1474,avatarfeaturelist_5
57,1475,avatarfeaturelist_6
57,1476,avatarfeaturelist_7
57,1477,avatarfeaturelist_8
57,1478,avatarfeaturelist_9
57,1479,avatarfeaturelist_10
57,1480,avatarweaponid
57,1481,avatarweaponskinid
57,1482,killeruid
57,1483,killerweaponid
57,1484,killerdistance
57,1485,lobbyteamid
57,1486,makefiresnum
57,1487,isregress
57,1488,topxtipsresponse
57,1489,signalhealamount
57,1490,drivinghelicoptertime
57,1491,inhelicoptertime
57,1492,noreductratingscore
57,1493,changedtrueratingvalue
57,1494,trueratingvalueallianceforceterchanged
57,1495,teammemberrelalist
57,1496,teammembersexlist
57,1497,friendcount
57,1498,maxhurtweaponid
57,1499,maxdamage
57,1500,allianceforceterlevel
57,1501,isobexit
57,1502,noreductrating
57,1503,extraaddrating
57,1504,protectrating
57,1505,doublescore
57,1506,fateaddscore
57,1507,isnewaistrategy
57,1508,lobbymemberlist
57,1509,ratingtype
57,1510,killername
57,1511,changekd
57,1512,friendteamaddscore
57,1513,xuanwunoreductrating
57,1514,gunmateriallist
57,1515,bountynum
57,1516,evacuatetype
57,1517,triggerrepeatkilllimit
57,1518,doublescoretimes
57,1519,teammembertmrelalist
57,1520,device_type
58,1521,tdbank_imp_date
58,1522,dteventtime
58,1523,vgameappid
58,1524,platid
58,1525,izoneareaid
58,1526,vplayerid
58,1527,uid
58,1528,battleid
58,1529,mode
58,1530,submode
58,1531,startime
58,1532,escapecheckup
58,1533,currentroundrank
58,1534,sumscore
58,1535,titleidlist
58,1536,teamrank
58,1537,teamid
58,1538,flowratinglevel
58,1539,roundtime
58,1540,gold
58,1541,level
58,1542,map
58,1543,playernumber
58,1544,realplayernumber
58,1545,teamnumber
58,1546,teammemberlist
58,1547,killingcount
58,1548,assistcount
58,1549,survivaltime
58,1550,damageamount
58,1551,healtimes
58,1552,healamount
58,1553,movingdistance
58,1554,deadflow
58,1555,headshotcounts
58,1556,vehicledestoryedtimes
58,1557,killingflow
58,1558,walkingdistance
58,1559,collectindex
58,1560,survivalindex
58,1561,damageindex
58,1562,healindex
58,1563,assaultindex
58,1564,gunhittimes
58,1565,gunshottimes
58,1566,curecount
58,1567,landlocation
58,1568,oweruid
58,1569,ismvp
58,1570,pronetime
58,1571,drivingdistance
58,1572,obtianedairdroptimes
58,1573,killeruid
58,1574,giveboxnum
58,1575,deadnum
58,1576,result
58,1577,lobbyteamid
58,1578,topxtipsresponse
58,1579,signalhealamount
58,1580,monsterkilltotalnum
58,1581,zombiekillingflow
58,1582,monsterdamageamount
58,1583,drivinghelicoptertime
58,1584,inhelicoptertime
58,1585,makefiresnum
58,1586,friendcount
58,1587,teammemberrelalist
58,1588,teammembersexlist
58,1589,maxhurtweaponid
58,1590,maxdamage
58,1591,pointsurvivalseconds
58,1592,useweaponlist
58,1593,teammembertmrelalist
58,1594,playid
58,1595,campid
58,1596,score
58,1597,professioncareerinfo
58,1598,device_type
58,1599,deploymaxkills
58,1600,gamenum
58,1601,bigwarrating
58,1602,bigwarchangerating
58,1603,destroyvehicleweaponlist
59,1604,tdbank_imp_date
59,1605,gamesvrid
59,1606,dteventtime
59,1607,vgameappid
59,1608,platid
59,1609,izoneareaid
59,1610,vplayerid
59,1611,uid
59,1612,baseid
59,1613,level
59,1614,effectid
60,1615,tdbank_imp_date
60,1616,gamesvrid
60,1617,dteventtime
60,1618,vgameappid
60,1619,platid
60,1620,izoneareaid
60,1621,vplayerid
60,1622,uid
60,1623,battleid
60,1624,mode
60,1625,submode
60,1626,map
60,1627,startime
60,1628,endtime
60,1629,escapecheckup
60,1630,roundtime
60,1631,gold
60,1632,level
60,1633,playernumber
60,1634,realplayernumber
60,1635,teamid
60,1636,teammemberlist
60,1637,teamrank
60,1638,sumscore
60,1639,ismvp
60,1640,killingcount
60,1641,assistcount
60,1642,gunkillingtimes
60,1643,meleekilltimes
60,1644,headshotcounts
60,1645,damageamount
60,1646,rangeddamagedamount
60,1647,meleedamageamount
60,1648,gunhittimes
60,1649,gunshottimes
60,1650,movingdistance
60,1651,healamount
60,1652,curecount
60,1653,medicineuseflow
60,1654,changedratingvalue
60,1655,ratingvalueallianceforceterchanged
60,1656,result
60,1657,maxcontinuoukills
60,1658,supergodnum
60,1659,killingflow
60,1660,medallist
60,1661,vsteamlevel
60,1662,vsteamlevelchange
60,1663,myteamtotalkill
60,1664,enemyteamtotalkill
60,1665,occupytime
60,1666,occupyscore
60,1667,occupycount
60,1668,occupydamage
60,1669,occupyweaponboxcount
60,1670,occupyweaponboxflow
60,1671,friendcount
60,1672,teammemberrelalist
60,1673,teammembersexlist
60,1674,deadcount
60,1675,addexp
60,1676,totalvsteamexp
60,1677,infectscore
60,1678,infectrank
60,1679,occupyscoremyteam
60,1680,occupyscoreotherteam
60,1681,modescore
60,1682,modechangedrating
60,1683,moderatingallianceforceterchanged
60,1684,modelevel
60,1685,survivetime
60,1686,scoresource
60,1687,oweruid
60,1688,teammembertmrelalist
60,1689,myteamscore
60,1690,enemyteamscore
60,1691,heroinfo
60,1692,herotaglist
60,1693,deathflow
60,1694,herokillinfo
60,1695,herodeathinfo
60,1696,playid
60,1697,playerabtest
60,1698,gameabtest
60,1699,enemytagnum
60,1700,teammatetagnum
60,1701,transformtochickennum
60,1702,device_type
60,1703,roundresultlist
60,1704,loadbombcount
60,1705,defusebombcount
60,1706,tryplacebombnum
60,1707,trydemolishbombnum
60,1708,throwableusenumlist
60,1709,grenadekillnum
60,1710,grenadedamage
60,1711,chooseareaid
60,1712,playerroundrole
60,1713,playergameendrole
60,1714,playerswitchrole
60,1715,playerultimateskillenergy
60,1716,playerultimateskillcount
60,1717,playerultimateskillround
60,1718,playergamestartrole
60,1719,playerlivetime
60,1720,playerroundaddoninfo
60,1721,playerroundrefreshpoint
60,1722,playeraihostcount
60,1723,playeraihostduration
60,1724,changewarmscore
60,1725,allianceforceterwarmscore
61,1726,tdbank_imp_date
61,1727,dteventtime
61,1728,vgameappid
61,1729,platid
61,1730,izoneareaid
61,1731,vplayerid
61,1732,uid
61,1733,battleid
61,1734,roundid
61,1735,isescape
61,1736,infectionscore
61,1737,infectionscoreasinfected
61,1738,infectionscoreashuman
61,1739,infectlevelupbyitemtimes
61,1740,infectlevelupbykilltimes
61,1741,infecttimes
61,1742,killsupermantimes
61,1743,isadvancedinfected
61,1744,revivaltimes
61,1745,beensuperman
61,1746,supermanleveluptimes
61,1747,usesupplytimes
61,1748,damageoninfect
61,1749,killadvancedinfectedtimes
61,1750,killinfectedtimes
61,1751,assisttimes
61,1752,killwithshootingtimes
61,1753,killwithmeleetimes
61,1754,headshottimes
61,1755,wincamp
61,1756,usefortifiertimes
61,1757,changeposxhero
61,1758,changeposyhero
61,1759,changeposzhero
61,1760,changetimehero
61,1761,changetypehero
61,1762,changeposxinfectman
61,1763,changeposyinfectman
61,1764,changeposzinfectman
61,1765,changetimeinfectman
61,1766,changetypeinfectman
61,1767,changeposxsuperinfectman
61,1768,changeposysuperinfectman
61,1769,changeposzsuperinfectman
61,1770,changetimesuperinfectman
61,1771,changetypesuperinfectman
61,1772,totalragehuman
61,1773,totalragesuperman
61,1774,totalrageinfectedman
61,1775,totalrageadvinfectedman
61,1776,totalinfect02passiveskill
61,1777,totalinfect01passiveskill
61,1778,totalinfect01passiveskillcaldamage
61,1779,totalhookskilluse
61,1780,totalhookcapture
61,1781,totalhooktakedamage
61,1782,totalhookbroken
61,1783,totalinvisibleskilluse
61,1784,totalvisibletakedamage
61,1785,totalvisibletime
61,1786,totalinvisibletakedamage
61,1787,totalinvisibletime
61,1788,totalfrozengrenadeskilluse
61,1789,totalfronzengrenadeattackcount
61,1790,totalfrozenplayercount
61,1791,totaldragonbreathskilluse
61,1792,totaldragonbreathattackcount
61,1793,totaldmghuman
61,1794,totaldmgdragonsuperman
61,1795,totaldmgpowersuperman
61,1796,totaldmgspeedinfected
61,1797,totaldmginvisinfected
61,1798,totaldmghookinfected
61,1799,totaldmgpoweradvinfected
61,1800,totaldmgfrozenadvinfected
61,1801,swiftmorphinfo
61,1802,stealthmorphinfo
61,1803,grapplemorphinfo
61,1804,poweradvmorphinfo
61,1805,iceadvmorphinfo
61,1806,heromorphinfo
61,1807,dragonheromorphinfo
61,1808,fakerinfectedchangeinfo
61,1809,forgingironinfectedchangeinfo
61,1810,enchantingbutterflyinfectedchangeinfo
61,1811,ironfistinfectedchangeinfo
61,1812,phoenixsupermanchangeinfo
61,1813,titansupermanchangeinfo
61,1814,humanadditionevolution
61,1815,supermanadditionevolution
61,1816,infectedmanadditionevolution
61,1817,humanadditionevolutionbyitemtimes
61,1818,usehumanfortifiertimes
61,1819,totalfibuildboxcount
61,1820,totalfiboxdestroyedcount
61,1821,totalfakerdisguiseusecount
61,1822,totalfakerdeadinhumanstate
61,1823,totalfakerdeadinmonsterstate
61,1824,totalpowersupermanskilluse
61,1825,totalpowersupermanhitcount
61,1826,totalpowersupermandamage
61,1827,totalphoenixfireringusecount
61,1828,totalphoenixfireringdamage
61,1829,totalphoenixfireringhealth
61,1830,totaltitanjumpsmathusecount
61,1831,totaltitanjumpsmathhitcount
61,1832,totaltitanjumpsmathdamage
61,1833,totalebskilluse
61,1834,totalebhitcount
61,1835,totalebinfectcount
61,1836,totalironfistchargeusecount
61,1837,totalironfistchargedamagereduce
61,1838,totalironfistchargehitcount
61,1839,totalironfistchargedamage
61,1840,totaldmgforgingironinfected
61,1841,totaldmgfakerinfected
61,1842,totaldmgphoenixsuperman
61,1843,totaldmgtitansuperman
61,1844,totaldmgenchantingbutterflyinfected
61,1845,totaldmgironfistinfected
61,1846,roundusedcountforgingironinfected
61,1847,roundusedcountfakerinfected
61,1848,roundusedcountphoenixsuperman
61,1849,roundusedcounttitansuperman
61,1850,roundusedcountenchantingbutterflyinfected
61,1851,roundusedcountironfistinfected
61,1852,roundusedcountspeedinfected
61,1853,roundusedcounthookinfected
61,1854,roundusedcountinvisinfected
61,1855,roundusedcountpoweradvinfected
61,1856,roundusedcountfrozenadvinfected
61,1857,roundusedcountpowersuperman
61,1858,roundusedcountdragonsuperman
61,1859,roundselectcamptype
61,1860,roundrandomcamptype
61,1861,roundendcamptype
61,1862,roundwinstate
62,1863,tdbank_imp_date
62,1864,dteventtime
62,1865,vgameappid
62,1866,platid
62,1867,izoneareaid
62,1868,vplayerid
62,1869,uid
62,1870,shopid
62,1871,count
63,1872,tdbank_imp_date
63,1873,gamesvrid
63,1874,dteventtime
63,1875,vgameappid
63,1876,platid
63,1877,izoneid
63,1878,vplayerid
63,1879,uid
63,1880,teamid
63,1881,choosewerewolf
63,1882,iswerewolf
63,1883,battleid
63,1884,roundid
63,1885,setbombcount
63,1886,killcount
63,1887,deathtime
63,1888,ghosttaskpoint
63,1889,completetaskpoint
63,1890,monitorcount
63,1891,discusstimesallianceforceterdeath
63,1892,discusstimesemergency
63,1893,shuttletimes
63,1894,voteinfo
63,1895,teammemberlist
63,1896,completetask
63,1897,deadflow
63,1898,changebehscore
63,1899,changeskillscore
63,1900,changelevelscore
63,1901,allianceforceterlevelscore
63,1902,specialstatus
63,1903,microactiveness
63,1904,getskillflow
63,1905,useskillflow
63,1906,discussflow
63,1907,taskflow
63,1908,mode
63,1909,submode
63,1910,map
63,1911,level
63,1912,iswin
63,1913,ismvp
63,1914,ratinglevel
63,1915,startime
63,1916,endtime
63,1917,taskpoint
63,1918,totaltaskpoint
63,1919,personid
63,1920,setfogtimes
63,1921,totalgetvotes
63,1922,triggerbox
63,1923,votewerewolftimes
63,1924,emergtasktimes
63,1925,titleidlist
63,1926,owneruid
64,1927,dtstatdate
64,1928,vgameappid
64,1929,platid
64,1930,vplayerid
64,1931,suserid
64,1932,suserid_type
64,1933,iregdate
64,1934,iregway
64,1935,iloginway
64,1936,sourcename
64,1937,itag
64,1938,ilevel
64,1939,ionlinetime
64,1940,iroundtime
64,1941,iroundcnt
64,1942,fps_avg
64,1943,is_reg
64,1944,is_lowfps
64,1945,is_match
64,1946,vtemp1
64,1947,vtemp2
64,1948,vtemp3
64,1949,itemp1
64,1950,itemp2
64,1951,itemp3
65,1952,dtstatdate
65,1953,vgameappid
65,1954,platid
65,1955,vplayerid
65,1956,ilevel
65,1957,ionlinetime
65,1958,ilogincount
65,1959,friendcount
65,1960,clientversion
65,1961,channel
65,1962,uuid
65,1963,deviceid
65,1964,dtlogintime
66,1965,statis_date
66,1966,iuserid
66,1967,ilogintime
66,1968,ionlinetime
66,1969,ilevel
66,1970,iplaytime
66,1971,iloginway
66,1972,ilogincount
67,1973,statis_date
67,1974,iworldid
67,1975,iuserid
67,1976,vspoaid
67,1977,ftrantime
67,1978,ftranplat
67,1979,ftransource
67,1980,ftranrealamt
67,1981,ftranamt
67,1982,vpf
67,1983,ext_str1
67,1984,vusertype
67,1985,extcol1
67,1986,vextcol1
67,1987,offerid
68,1988,statis_date
68,1989,iworldid
68,1990,iuserid
68,1991,ilevel
68,1992,igroup
68,1993,iactivity
68,1994,iregdate
68,1995,iloginway
68,1996,iregway
68,1997,vlastlogindate
69,1998,dtstatdate
69,1999,dteventtime
69,2000,vgameappid
69,2001,platid
69,2002,izoneareaid
69,2003,clientversion
69,2004,vplayerid
69,2005,uid
69,2006,buttontype
69,2007,ireason
69,2008,extarg1
69,2009,extarg2
70,2010,dtstatdate
70,2011,vgameappid
70,2012,platid
70,2013,vplayerid
70,2014,device_type
70,2015,loginchannel
70,2016,ionlinetime
70,2017,dtlogintime
70,2018,ilogincount
70,2019,vtemp1
70,2020,vtemp2
70,2021,vtemp3
70,2022,itemp1
70,2023,itemp2
70,2024,itemp3
70,2025,seasonmaxsegment
71,2026,dtstatdate
71,2027,vgameappid
71,2028,platid
71,2029,vplayerid
71,2030,dregdate
71,2031,itemp1
71,2032,itemp2
71,2033,vtemp1
71,2034,vtemp2
72,2035,dtstatdate
72,2036,vgameappid
72,2037,platid
72,2038,vplayerid
72,2039,cbitmap
72,2040,dregdate
72,2041,ilevel
72,2042,friendcount
73,2043,dtstatdate
73,2044,vgameappid
73,2045,platid
73,2046,vplayerid
73,2047,ilevel
73,2048,ionlinetime
73,2049,ilogincount
73,2050,friendcount
73,2051,dtlogintime
74,2052,dtstatdate
74,2053,vgameappid
74,2054,platid
74,2055,vplayerid
74,2056,imode
74,2057,teamnum
74,2058,icnt
74,2059,itemp1
74,2060,itemp2
74,2061,vtemp1
74,2062,vtemp2
75,2063,dtstatdate
75,2064,vgameappid
75,2065,platid
75,2066,vplayerid
75,2067,mode
75,2068,modename
75,2069,submode
75,2070,submodename
75,2071,map
75,2072,mapname
75,2073,seasonid
75,2074,seasonname
75,2075,roundcnt
75,2076,roundtime
75,2077,survivaltime
75,2078,firstroundtime
75,2079,device_type
76,2080,dtstatdate
76,2081,platid
76,2082,vgameappid
76,2083,vplayerid
76,2084,is_reg
76,2085,reg_channel
76,2086,reg_date
76,2087,reg_days
76,2088,login_bitmap
76,2089,is_actv
76,2090,login_cnt
76,2091,onln_time
76,2092,login_channel
76,2093,login_days_7d
76,2094,login_days_30d
76,2095,last_login_date
76,2096,day_actv_flag
76,2097,week_actv_flag
76,2098,month_actv_flag
76,2099,pay_bitmap
76,2100,is_pay
76,2101,pay_amt
76,2102,deposit_amt
76,2103,pay_cnt
76,2104,first_pay_date
76,2105,is_first_pay
76,2106,pay_amt_td
76,2107,deposit_amt_td
76,2108,max_vip_level
76,2109,max_level
76,2110,friend_cnt
76,2111,max_power
76,2112,is_studio
76,2113,gender
76,2114,province
76,2115,city
76,2116,city_level
76,2117,is_weekend
76,2118,is_month_end
76,2119,reg_year
76,2120,month_actv_change
77,2121,dtstatdate
77,2122,vgameappid
77,2123,platid
77,2124,vplayerid
77,2125,imode
77,2126,cbitmap
77,2127,dregdate
77,2128,ljicnt
77,2129,icnt
77,2130,teamnum
77,2131,itemp1
77,2132,itemp2
77,2133,vtemp1
77,2134,vtemp2
78,2135,dtstatdate
78,2136,vgameappid
78,2137,platid
78,2138,vplayerid
78,2139,uid
78,2140,vrolename
78,2141,dregdate
78,2142,lastactdate
78,2143,cbitmap
78,2144,ilevel
78,2145,friendcount
78,2146,historymaxsegment
78,2147,gender
79,2148,ds
79,2149,playerid
79,2150,actv_label_7d
79,2151,actv_label_30d
79,2152,month_actv_days_label
79,2153,month_actv_time_label
79,2154,week_actv_layer_label
79,2155,actv_period_label_7d
79,2156,only_actv_period_label_7d
79,2157,battle_actv_period_label
79,2158,evening_peak_label
79,2159,actv_type_label_7d
79,2160,oldnew_player_label
79,2161,actv_type_label_14d
79,2162,actv_type_label_30d
79,2163,month_actv_change_label
79,2164,shorte_cycle_label
79,2165,cycle_label
79,2166,long_actv_period_label
79,2167,pay_level_1y
79,2168,pay_rlevel_1m
79,2169,pay_rlevel_td
79,2170,pay_silence_w
79,2171,pay_silence_m
79,2172,pay_rlevel_season
79,2173,mainplay_model_label
79,2174,vsteam_play_label
79,2175,play_exclusive_label
79,2176,social_play_label
79,2177,latest_segment
79,2178,history_max_segment
79,2179,szn_max_segment
79,2180,last_szn_max_segment
79,2181,last_3_szn_max_segment
79,2182,latest_segment_merge
79,2183,history_max_segment_merge
79,2184,szn_max_segment_merge
79,2185,last_szn_max_segment_merge
79,2186,last_3_szn_max_segment_merge
79,2187,szn_segment_grow_type
79,2188,kd_value_dist
79,2189,frustrated_ability
79,2190,mainplay_model_flow
79,2191,play_habit_label
79,2192,home_play_label
79,2193,pagerank_social_level
79,2194,belong_cmty_id
79,2195,belong_cmty_scale
79,2196,belong_cmty_stability
79,2197,platfriend_cnt_label
79,2198,gamefriend_cnt_label
79,2199,platactv_friend_cnt_label
79,2200,gameactv_friend_cnt_label
79,2201,teamup_habit
79,2202,battle_mic_label
79,2203,social_ability
79,2204,no_cmty_probability
79,2205,cmty_influence_level
79,2206,spread_influence_level
79,2207,is_yingdi_user
79,2208,season_main_play1
79,2209,season_main_play2
79,2210,season_main_play3
79,2211,season_main_play4
79,2212,gender
79,2213,province
79,2214,city
79,2215,city_level
79,2216,yingdi_actv_type_30d
79,2217,comm1
79,2218,comm2
79,2219,comm3
79,2220,comm4
79,2221,comm5
79,2222,comm6
79,2223,comm7
79,2224,comm8
79,2225,comm9
79,2226,comm10
79,2227,comm11
79,2228,comm12
79,2229,comm13
79,2230,comm14
79,2231,comm15
80,2232,dtstatdate
80,2233,vgameappid
80,2234,platid
80,2235,vplayerid
80,2236,cbitmap
80,2237,dwaterdate
80,2238,imoney
80,2239,iamount
81,2240,dtstatdate
81,2241,vgameappid
81,2242,platid
81,2243,vplayerid
81,2244,iamount
81,2245,itimes
81,2246,imoney
82,2247,dtstatdate
82,2248,saccounttype
82,2249,suserid
82,2250,suseridtype
82,2251,sgamecode
82,2252,splattype
82,2253,splat
82,2254,sgameparam
82,2255,schannel
82,2256,sip
82,2257,sclientver
82,2258,ilevel
82,2259,iviplevel
82,2260,itimes
82,2261,ionlinetime
83,2262,statis_date
83,2263,game_id
83,2264,iuserid
83,2265,ionlinetime
83,2266,ilevel
83,2267,useridtype
